Boat Ramp,Directions,River Mile
Yankton (NE),"<a href=""https://maps.app.goo.gl/b7KNuyBmh3BKqr4k6"">Go To Yankton (NE)</a>",810.4
Yankton (SD),"<a href=""https://maps.app.goo.gl/vj8KD8ybEa6exGPf9"">Go To Yankton (SD)</a>",810.1
St. Helena,"<a href=""https://maps.app.goo.gl/FqZhceQacmrKoyB38"">Go To St. Helena</a>",798.7
Myron Grove,"<a href=""https://maps.app.goo.gl/yzUr8vkr7hEbPFEW8"">Go To Myron Grove</a>",786.9
Brooky Bottom (Sportsmans),"<a href=""https://maps.app.goo.gl/VvrdhjfjMJNzY6Eg7"">Go To Brooky Bottom</a>",785.1
Clay County,"<a href=""https://maps.app.goo.gl/seY1mxBnduzyLPAa6"">Go To Clay County</a>",780.9
Mullberry,"<a href=""https://maps.app.goo.gl/xXb5Qw5qtnG1SJbr6"">Go To Mullberry</a>",775.3
Ponca (Kayak),"<a href=""https://maps.app.goo.gl/4tDUzr84iZHkANRX9"">Go To Ponca (Kayak)</a>",761.1
Ponca State Park,"<a href=""https://maps.app.goo.gl/bxYUv1SDvZHywGD36"">Go To Ponca</a>",753.5
Sioux City (IA),"<a href=""https://maps.app.goo.gl/pYQwdo19MvfS5JaJ7"">Go To Sioux City</a>",732.5
South Sioux City,"<a href=""https://maps.app.goo.gl/PzNkdNWWKnEASfuVA"">Go To South Sioux City</a>",732
Dakota City,"<a href=""https://maps.app.goo.gl/CPio1BStvgxB5ewq6"">Go To Dakota City</a>",725.6
Weedland (Sergeant Bluff),"<a href=""https://maps.app.goo.gl/h7wrQLsAixKUqMhRA"">Go To Weedland</a>",722
Sloan,"<a href=""https://maps.app.goo.gl/hodQzQ7midiCJcaHA"">Go To Sloan</a>",708.6
Decatur (IA),"<a href=""https://maps.app.goo.gl/oreD5V3MwnvcUTVm8"">Go To Decatur IA</a>",691.1
Decatur (NE),"<a href=""https://maps.app.goo.gl/VfYtnC4paMVmNWfv9"">Go To Decatur NE</a>",691
Blencoe,"<a href=""https://maps.app.goo.gl/WcrubsikrGWS6YiT6"">Go To Blencoe</a>",680.5
Pelican Point,"<a href=""https://maps.app.goo.gl/dhxeNokq97PkDSFw6"">Go To Pelican Point</a>",672.8
River Sioux,"<a href=""https://maps.app.goo.gl/awFtdTDsDUVMSeuC9"">Go To Little Sioux</a>",669.2
Mondamin,"<a href=""https://maps.app.goo.gl/zsCWR2YiC8tEujKX7"">Go To Mondamin</a>",659.7
Tyson Island,"<a href=""https://maps.app.goo.gl/qpvMvNb7s7EkvS3K8"">Go To Tyson Island</a>",564.4
Blair,"<a href=""https://maps.app.goo.gl/ij8kdRqjd2jjkNgy8"">Go To Blair</a>",648.4
Wilson Island,"<a href=""https://maps.app.goo.gl/CeTRSL4sGjZkWGMF8"">Go To Wilson Island</a>",641
NP Dodge Park,"<a href=""https://maps.app.goo.gl/qB965ud6FpbsSK1W6"">Go To NP Dodge Park</a>",627.2
Narrows,"<a href=""https://maps.app.goo.gl/yjgn4qBa5E37aFws6"">Go To Narrows</a>",619
Lake Manawa,"<a href=""https://maps.app.goo.gl/exWViHJjH3oaC5z36"">Go To Lake Manawa</a>",607.1
Bellevue,"<a href=""https://maps.app.goo.gl/j9PyrRsU8JEu5avA9"">Go To Bellevue</a>",601
Plattsmouth,"<a href=""https://maps.app.goo.gl/odsxoMw1c7q12gm17"">Go To Plattsmouth</a>",591.5
Bartlett,"<a href=""https://maps.app.goo.gl/dJyk1dBufY7qXHpK9"">Go To Bartlett</a>",580.9
Nebraska City,"<a href=""https://maps.app.goo.gl/bFpD3QA2XWZAwxABA"">Go To Nebraska City</a>",563.2
Hamburg,"<a href=""https://maps.app.goo.gl/VtPwSCDWpKYemmtg8"">Go To Hamburg</a>",554.5
Peru,"<a href=""https://maps.app.goo.gl/EqFxwA3C6TVQiHxPA"">Go To Peru</a>",542
Watson (Nish River),"<a href=""https://maps.app.goo.gl/Ai6r2idRALS4CQZM9"">Go To Watson (Nish River)</a>",542
Brownville,"<a href=""https://maps.app.goo.gl/EjZCRxoRjVEowvWA9"">Go To Brownville</a>",535
Langdon,"<a href=""https://maps.app.goo.gl/mbFJAZJC571TXtq88"">Go To Langdon</a>",530.5
Indian Cave,"<a href=""https://maps.app.goo.gl/kQThVKnSgbVikkMM7"">Go To Indian Cave</a>",518.3
Thurnau,"<a href=""https://maps.app.goo.gl/PsKiYPM8HBA3VSeW7"">Go To Thurnau</a>",508.5
Rulo,"<a href=""https://maps.app.goo.gl/QebJUfXE1ZQgEQqN9"">Go To Rulo</a>",497.9
White Cloud,"<a href=""https://maps.app.goo.gl/L2waovr9XicvoJ6A9"">Go To White Cloud</a>",488.1
Paynes Landing,"<a href=""https://maps.app.goo.gl/ASrz5cMiFvFKW9bU7"">Go To Paynes Landing</a>",477.1
Nodaway,"<a href=""https://maps.app.goo.gl/izHjmLFKoZVdV6qa7"">Go To Nodaway</a>",462.2
French Bottoms (North),"<a href=""https://maps.app.goo.gl/axJV3B98V5UDAjMH6"">Go To French Bottoms (North)</a>",451.9
French Bottoms (South),"<a href=""https://maps.app.goo.gl/uMHdaaaj49nuY34q9"">Go To French Bottoms (South)</a>",450.4
Jentell Breez,"<a href=""https://maps.app.goo.gl/EhdDUQNA4biq1wP98"">Go To Jentell Breez</a>",437.3
Atchison,"<a href=""https://maps.app.goo.gl/JvdnNnxxGydMAGpT6"">Go To Atchison</a>",423
Leavenworth,"<a href=""https://maps.app.goo.gl/Ba1kETaHoUKMw1FZA"">Go To Leavenworth</a>",397.5
